freq,nrg_bal,siec,unit,geo,2013,2014,2015,2016,2017,2018,2019,2020,2021,2022,2023,2024
A,FC_OTH_HH_E,C0000X0350-0370,KTOE,AL,0.235,0.65,0.0,0.0,0.0,0.0,0.0,0.0,0.0,0.0,0.0,0.0
A,FC_OTH_HH_E,C0000X0350-0370,KTOE,AT,31.656,26.15,21.283,20.544,22.476,19.279,19.733,13.573,9.285,8.331,6.368,3.867
A,FC_OTH_HH_E,C0000X0350-0370,KTOE,BA,,56.449,55.122,73.537,104.375,76.678,57.292,58.407,60.607,53.947,45.491,35.75
A,FC_OTH_HH_E,C0000X0350-0370,KTOE,BE,117.172,76.259,75.707,73.261,70.273,57.479,41.664,32.974,45.584,31.911,24.924,21.593
A,FC_OTH_HH_E,C0000X0350-0370,KTOE,BG,188.965,131.669,133.448,150.582,158.671,114.688,102.302,99.401,139.648,42.011,13.961,12.853
A,FC_OTH_HH_E,C0000X0350-0370,KTOE,CY,0.0,0.0,0.0,0.0,0.0,0.0,0.0,0.0,0.0,0.0,0.0,0.0
A,FC_OTH_HH_E,C0000X0350-0370,KTOE,CZ,977.504,830.102,830.505,820.004,837.64,786.32,646.585,634.435,636.448,668.11,427.951,326.949
A,FC_OTH_HH_E,C0000X0350-0370,KTOE,DE,691.631,572.765,600.785,519.58,500.376,492.475,345.388,315.706,348.113,298.147,279.832,173.264
A,FC_OTH_HH_E,C0000X0350-0370,KTOE,DK,0.437,0.0,0.0,0.02,0.0,0.0,0.0,0.0,0.0,0.0,0.0,0.0
A,FC_OTH_HH_E,C0000X0350-0370,KTOE,EE,5.836,4.54,2.594,1.945,2.102,1.051,1.191,0.959,0.596,0.0,0.238,0.238
A,FC_OTH_HH_E,C0000X0350-0370,KTOE,EL,0.873,2.888,4.663,1.947,4.424,3.595,3.408,3.071,3.234,1.661,0.0,0.926
A,FC_OTH_HH_E,C0000X0350-0370,KTOE,ES,94.789,91.848,88.588,79.063,79.322,68.353,64.93,46.408,1.275,1.275,0.0,0.0
A,FC_OTH_HH_E,C0000X0350-0370,KTOE,EU27_2020,9575.991,8581.131,8482.587,8792.18,8710.141,8126.613,6574.366,6724.705,6404.395,5472.562,5075.592,4387.072
A,FC_OTH_HH_E,C0000X0350-0370,KTOE,FI,0.594,0.592,0.0,0.0,0.0,0.0,0.0,0.0,0.0,0.0,0.0,0.0
A,FC_OTH_HH_E,C0000X0350-0370,KTOE,FR,47.428,35.139,36.374,37.776,35.595,26.356,24.452,20.759,26.206,26.548,19.404,20.087
A,FC_OTH_HH_E,C0000X0350-0370,KTOE,GE,0.416,0.406,0.406,0.812,0.538,0.197,0.224,0.062,0.0,0.084,0.352,0.296
A,FC_OTH_HH_E,C0000X0350-0370,KTOE,HR,5.182,3.559,3.129,2.944,3.635,2.573,2.777,2.392,1.761,1.527,1.087,1.082
A,FC_OTH_HH_E,C0000X0350-0370,KTOE,HU,133.497,102.428,94.677,120.56,141.646,95.18,70.569,56.342,45.075,49.531,32.251,23.602
A,FC_OTH_HH_E,C0000X0350-0370,KTOE,IE,244.306,217.558,233.621,242.135,177.825,191.746,165.633,173.281,155.488,99.584,74.726,80.596
A,FC_OTH_HH_E,C0000X0350-0370,KTOE,IS,0.0,0.0,0.0,0.0,0.0,0.0,0.0,0.0,0.0,0.0,0.0,0.0
A,FC_OTH_HH_E,C0000X0350-0370,KTOE,IT,0.0,0.0,0.0,0.0,0.0,0.0,0.0,0.0,0.0,0.0,0.0,0.0
A,FC_OTH_HH_E,C0000X0350-0370,KTOE,LT,50.033,42.541,34.799,36.541,41.801,41.399,31.679,24.659,30.299,26.339,13.74,16.439
A,FC_OTH_HH_E,C0000X0350-0370,KTOE,LU,0.635,0.498,0.616,0.587,0.381,0.237,0.249,0.23,0.214,1.021,0.242,0.162
A,FC_OTH_HH_E,C0000X0350-0370,KTOE,LV,12.643,12.696,11.993,11.897,9.79,6.592,4.655,1.305,1.261,1.243,1.129,0.616
A,FC_OTH_HH_E,C0000X0350-0370,KTOE,MD,57.928,40.18,38.693,28.989,52.604,36.42,60.492,42.19,44.124,35.663,32.012,29.561
A,FC_OTH_HH_E,C0000X0350-0370,KTOE,ME,2.42,2.86,3.3,4.53,2.317,2.085,2.145,2.043,1.916,1.809,1.409,1.413
A,FC_OTH_HH_E,C0000X0350-0370,KTOE,MK,1.148,0.798,1.002,0.911,0.974,0.755,0.61,0.587,0.184,0.183,0.163,0.123
A,FC_OTH_HH_E,C0000X0350-0370,KTOE,MT,0.0,0.0,0.0,0.0,0.0,0.0,0.0,0.0,0.0,0.0,0.0,0.0
A,FC_OTH_HH_E,C0000X0350-0370,KTOE,NL,0.955,0.632,0.542,1.078,1.126,1.012,1.12,0.345,0.379,0.066,0.059,0.054
A,FC_OTH_HH_E,C0000X0350-0370,KTOE,NO,0.0,0.0,0.0,0.0,0.0,0.0,0.0,0.0,0.0,0.0,0.0,0.0
A,FC_OTH_HH_E,C0000X0350-0370,KTOE,PL,6919.583,6339.431,6211.262,6585.721,6554.038,6154.371,4978.787,5200.131,4857.368,4119.228,4100.315,3616.748
A,FC_OTH_HH_E,C0000X0350-0370,KTOE,PT,0.0,0.0,0.0,0.0,0.0,0.0,0.0,0.0,0.0,0.0,0.0,0.0
A,FC_OTH_HH_E,C0000X0350-0370,KTOE,RO,25.348,69.776,80.123,56.401,34.313,33.627,40.69,44.891,46.456,45.472,48.368,56.255
A,FC_OTH_HH_E,C0000X0350-0370,KTOE,RS,204.668,169.576,156.119,215.643,228.558,207.614,209.424,248.815,147.967,131.12,138.131,55.903
A,FC_OTH_HH_E,C0000X0350-0370,KTOE,SE,0.0,0.0,0.0,0.0,0.0,0.0,0.0,0.0,0.0,0.0,0.0,0.0
A,FC_OTH_HH_E,C0000X0350-0370,KTOE,SI,0.454,0.455,0.0,0.0,0.112,0.076,0.065,0.061,0.031,0.009,0.002,0.001
A,FC_OTH_HH_E,C0000X0350-0370,KTOE,SK,26.47,19.605,17.878,29.594,34.595,30.204,28.489,53.782,55.674,50.548,30.995,31.74
A,FC_OTH_HH_E,C0000X0350-0370,KTOE,TR,2170.147,1848.568,1968.284,2052.774,3251.067,2863.787,3399.989,4060.888,3570.595,2701.253,2565.133,2757.626
A,FC_OTH_HH_E,C0000X0350-0370,KTOE,UA,610.149,244.447,263.775,228.104,161.919,161.293,151.842,106.411,,,,
A,FC_OTH_HH_E,C0000X0350-0370,KTOE,UK,669.634,565.854,553.771,542.257,535.139,500.229,456.219,,,,,
A,FC_OTH_HH_E,C0000X0350-0370,KTOE,XK,18.262,13.976,10.063,8.758,10.145,2.506,2.518,2.842,2.853,2.799,2.622,1.884
A,FC_OTH_HH_E,E7000,KTOE,AL,331.9,300.946,274.377,257.18,252.325,270.591,268.293,298.287,301.346,288.807,282.396,293.025
A,FC_OTH_HH_E,E7000,KTOE,AT,1517.555,1445.877,1480.249,1533.864,1547.568,1542.786,1586.985,1757.162,1894.03,1818.532,1929.29,1878.914
A,FC_OTH_HH_E,E7000,KTOE,BA,,395.959,406.363,406.965,408.942,402.837,406.363,412.296,422.356,423.818,429.923,450.731
A,FC_OTH_HH_E,E7000,KTOE,BE,1654.136,1572.227,1561.281,1549.175,1516.311,1498.34,1480.782,1505.537,1510.499,1392.657,1364.832,1402.855
A,FC_OTH_HH_E,E7000,KTOE,BG,906.019,910.576,915.219,922.872,957.656,942.65,932.407,976.456,1027.798,1029.208,1058.619,1109.891
A,FC_OTH_HH_E,E7000,KTOE,CY,123.56,122.528,130.267,136.285,143.119,145.166,152.338,155.274,156.269,152.905,145.615,161.337
A,FC_OTH_HH_E,E7000,KTOE,CZ,1265.348,1214.531,1236.629,1284.179,1307.934,1294.027,1311.852,1373.386,1484.089,1350.146,1330.754,1344.332
A,FC_OTH_HH_E,E7000,KTOE,DE,11693.895,11143.594,11066.208,11023.216,11257.438,10995.701,10880.396,10956.664,11306.965,11533.62,11303.009,11387.618
A,FC_OTH_HH_E,E7000,KTOE,DK,886.242,868.788,875.035,883.099,845.793,837.647,880.624,887.07,939.659,833.966,831.93,885.075
A,FC_OTH_HH_E,E7000,KTOE,EE,160.361,149.527,148.581,164.488,166.81,159.931,177.988,171.797,191.66,169.121,186.004,201.634
A,FC_OTH_HH_E,E7000,KTOE,EL,1500.086,1474.721,1507.997,1719.433,1687.691,1441.325,1494.199,1503.543,1523.556,1425.755,1300.883,1482.674
A,FC_OTH_HH_E,E7000,KTOE,ES,6110.06,6079.966,6024.85,5988.65,6138.693,6449.355,6275.236,6296.131,6289.682,6273.345,6289.905,6462.428
A,FC_OTH_HH_E,E7000,KTOE,EU27_2020,61502.998,58568.063,59439.068,60450.651,60851.719,60613.044,60429.75,61244.839,63585.938,60779.311,59863.494,61265.039
A,FC_OTH_HH_E,E7000,KTOE,FI,1849.527,1828.375,1798.624,1936.199,1935.684,1954.514,1938.607,1895.099,2086.071,1945.486,1885.211,1894.669
A,FC_OTH_HH_E,E7000,KTOE,FR,14456.511,12967.755,13525.513,14024.428,13854.075,13777.804,13733.627,13886.374,14575.679,13344.612,12960.987,12978.485
A,FC_OTH_HH_E,E7000,KTOE,GE,193.809,211.952,211.694,208.34,211.599,213.586,211.608,220.55,227.085,230.61,236.543,254.428
A,FC_OTH_HH_E,E7000,KTOE,HR,536.285,518.745,533.276,526.913,538.753,533.25,533.611,522.519,567.016,555.83,552.115,586.244
A,FC_OTH_HH_E,E7000,KTOE,HU,909.716,896.217,931.986,941.874,967.24,977.644,998.968,1055.46,1072.657,1061.737,1077.558,1107.137
A,FC_OTH_HH_E,E7000,KTOE,IE,683.383,662.407,677.623,676.934,683.822,701.938,696.991,746.591,751.653,705.707,696.799,719.776
A,FC_OTH_HH_E,E7000,KTOE,IS,71.969,72.306,70.699,72.099,69.707,72.9,71.059,74.788,75.752,74.235,74.517,85.189
A,FC_OTH_HH_E,E7000,KTOE,IT,5759.501,5524.936,5691.058,5529.149,5631.186,5600.842,5639.553,5693.177,5771.254,5558.042,5452.535,5659.687
A,FC_OTH_HH_E,E7000,KTOE,LT,222.786,228.375,228.719,238.607,243.99,256.621,250.447,261.754,293.216,282.812,270.619,280.241
A,FC_OTH_HH_E,E7000,KTOE,LU,84.195,86.922,85.063,83.902,83.355,79.821,78.192,81.67,80.873,80.314,78.575,75.774
A,FC_OTH_HH_E,E7000,KTOE,LV,153.31,150.215,151.247,154.17,142.431,143.601,141.821,150.56,154.427,144.894,141.858,149.643
A,FC_OTH_HH_E,E7000,KTOE,MD,138.521,142.648,143.594,140.499,140.671,141.187,143.68,148.753,156.922,150.129,143.508,159.355
A,FC_OTH_HH_E,E7000,KTOE,ME,109.802,101.634,106.879,107.567,110.567,109.381,110.954,106.715,114.91,118.083,125.916,133.276
A,FC_OTH_HH_E,E7000,KTOE,MK,263.543,261.909,270.163,262.894,266.258,257.848,261.358,274.386,285.194,264.853,257.871,270.881
A,FC_OTH_HH_E,E7000,KTOE,MT,52.365,52.88,56.406,57.261,62.59,67.849,73.532,76.416,81.498,88.708,87.659,93.408
A,FC_OTH_HH_E,E7000,KTOE,NL,2008.681,1962.967,1907.304,1890.683,1875.405,1856.495,1856.737,1888.682,1932.055,1872.894,1808.062,1860.323
A,FC_OTH_HH_E,E7000,KTOE,NO,3344.971,3170.349,3316.415,3425.891,3450.786,3474.166,3440.037,3429.407,3575.041,3125.336,3340.09,3358.047
A,FC_OTH_HH_E,E7000,KTOE,PL,2445.572,2414.703,2431.642,2485.727,2509.114,2517.971,2527.367,2580.053,2630.267,2481.513,2476.956,2796.531
A,FC_OTH_HH_E,E7000,KTOE,PT,1058.813,1024.506,1029.579,1115.45,1082.517,1136.073,1137.004,1174.204,1227.68,1195.532,1253.779,1269.77
A,FC_OTH_HH_E,E7000,KTOE,RO,1022.872,1024.076,1039.983,1037.575,1083.119,1098.872,1116.448,1171.091,1224.782,1160.562,1125.709,1195.815
A,FC_OTH_HH_E,E7000,KTOE,RS,1216.337,1186.758,1209.114,1197.85,1187.877,1153.445,1147.048,1179.547,1193.176,1150.405,1118.505,1137.179
A,FC_OTH_HH_E,E7000,KTOE,SE,3740.671,3551.161,3696.217,3827.945,3880.653,3875.15,3771.195,3660.619,3972.485,3494.067,3400.688,3419.776
A,FC_OTH_HH_E,E7000,KTOE,SI,277.644,268.702,275.58,280.31,286.072,289.58,293.969,312.477,326.962,320.811,350.706,365.387
A,FC_OTH_HH_E,E7000,KTOE,SK,423.904,422.786,432.932,438.263,422.7,438.091,468.874,505.073,513.156,506.535,502.837,495.615
A,FC_OTH_HH_E,E7000,KTOE,TR,3866.896,3971.625,4118.745,4402.752,4664.773,4693.94,4831.824,5218.698,5287.964,5306.144,5635.553,6417.842
A,FC_OTH_HH_E,E7000,KTOE,UA,3557.868,3350.989,3182.975,3088.306,3013.121,3090.886,3029.751,3143.087,,,,
A,FC_OTH_HH_E,E7000,KTOE,UK,9751.677,9292.863,9266.023,9288.482,9060.009,9033.925,8927.331,,,,,
A,FC_OTH_HH_E,E7000,KTOE,XK,229.321,219.69,203.525,181.857,196.987,202.54,217.366,238.839,287.447,291.37,269.09,261.561
A,FC_OTH_HH_E,G3000,KTOE,AL,0.0,0.0,0.0,0.0,0.0,0.0,0.0,0.0,0.0,0.0,0.0,0.0
A,FC_OTH_HH_E,G3000,KTOE,AT,1429.039,1251.537,1357.578,1500.408,1468.812,1344.24,1426.372,1439.275,1562.29,1298.999,1180.186,1088.842
A,FC_OTH_HH_E,G3000,KTOE,BA,,26.87,33.169,34.544,37.704,35.985,38.758,40.606,46.174,41.359,36.909,35.985
A,FC_OTH_HH_E,G3000,KTOE,BE,3738.559,2914.752,3211.42,3394.755,3325.523,3324.986,3308.226,3124.269,3659.629,2908.734,2855.854,2918.972
A,FC_OTH_HH_E,G3000,KTOE,BG,44.949,45.186,51.763,58.899,68.064,77.28,78.685,96.069,113.423,86.989,71.096,81.161
A,FC_OTH_HH_E,G3000,KTOE,CY,0.0,0.0,0.0,0.0,0.0,0.0,0.0,0.0,0.0,0.0,0.0,0.0
A,FC_OTH_HH_E,G3000,KTOE,CZ,2029.944,1645.013,1789.402,1993.686,2004.471,1878.843,1795.387,1855.994,2081.591,1662.033,1486.08,1460.038
A,FC_OTH_HH_E,G3000,KTOE,DE,22509.462,18298.055,19738.844,22092.35,21598.464,22264.75,22379.522,21745.669,25128.124,21370.549,19369.614,19264.67
A,FC_OTH_HH_E,G3000,KTOE,DK,649.907,565.667,598.165,639.619,619.369,612.337,613.079,589.666,576.617,471.76,443.166,425.614
A,FC_OTH_HH_E,G3000,KTOE,EE,52.279,52.214,49.312,57.868,53.814,54.981,57.781,56.208,60.358,48.706,55.17,58.936
A,FC_OTH_HH_E,G3000,KTOE,EL,232.439,231.578,355.694,329.084,360.665,331.327,384.376,441.991,499.31,465.659,364.268,354.082
A,FC_OTH_HH_E,G3000,KTOE,ES,3193.569,3094.346,3318.02,3335.066,3323.51,3653.869,3457.094,3474.386,3634.566,3118.551,2923.968,2916.187
A,FC_OTH_HH_E,G3000,KTOE,EU27_2020,86508.341,70954.824,76881.544,81795.608,81453.528,80475.905,79540.317,78891.782,87916.206,74303.812,67320.125,67171.909
A,FC_OTH_HH_E,G3000,KTOE,FI,29.449,28.676,25.365,26.226,25.9,24.508,26.658,23.949,28.068,19.085,8.832,6.44
A,FC_OTH_HH_E,G3000,KTOE,FR,14507.507,10840.899,11673.43,12630.385,12270.857,11502.73,11221.38,10994.467,11505.062,9575.106,8760.264,8618.978
A,FC_OTH_HH_E,G3000,KTOE,GE,471.305,503.09,573.824,652.918,744.347,722.73,830.68,944.932,1032.062,1126.535,1130.562,1283.124
A,FC_OTH_HH_E,G3000,KTOE,HR,488.306,433.126,446.26,466.082,479.127,467.211,459.103,485.657,524.147,489.182,479.689,473.397
A,FC_OTH_HH_E,G3000,KTOE,HU,2513.07,2320.679,2625.838,2813.435,2971.711,2830.568,2792.906,3026.655,3329.364,2861.715,2492.111,2467.863
A,FC_OTH_HH_E,G3000,KTOE,IE,604.987,534.59,553.989,561.849,554.373,602.87,590.159,588.564,593.79,538.699,463.879,478.996
A,FC_OTH_HH_E,G3000,KTOE,IS,0.0,0.0,0.0,0.0,0.0,0.0,0.0,0.0,0.0,0.0,0.0,0.0
A,FC_OTH_HH_E,G3000,KTOE,IT,18073.087,15150.838,16985.555,17097.463,17260.611,16499.391,16126.645,15932.597,17405.244,14974.079,12882.563,13186.455
A,FC_OTH_HH_E,G3000,KTOE,LT,123.173,119.991,122.678,145.464,153.785,164.724,160.859,174.375,219.905,197.53,181.773,180.126
A,FC_OTH_HH_E,G3000,KTOE,LU,211.339,203.107,221.364,235.478,267.553,244.532,246.392,258.198,240.596,214.21,189.598,203.703
A,FC_OTH_HH_E,G3000,KTOE,LV,101.698,101.333,98.087,106.362,111.346,119.182,110.732,109.571,115.401,104.631,85.104,89.638
A,FC_OTH_HH_E,G3000,KTOE,MD,210.404,215.219,202.945,212.79,225.114,258.036,259.392,288.306,343.981,246.986,205.399,227.016
A,FC_OTH_HH_E,G3000,KTOE,ME,0.0,0.0,0.0,0.0,0.0,0.0,0.0,0.0,0.0,0.0,0.0,0.0
A,FC_OTH_HH_E,G3000,KTOE,MK,0.0,0.043,0.064,0.086,0.15,0.193,0.193,0.248,0.288,0.142,0.116,0.197
A,FC_OTH_HH_E,G3000,KTOE,MT,0.0,0.0,0.0,0.0,0.0,0.0,0.0,0.0,0.0,0.0,0.0,0.0
A,FC_OTH_HH_E,G3000,KTOE,NL,8573.746,6393.981,6813.968,7099.801,6885.799,6840.195,6605.151,6323.064,7175.828,5347.99,4793.51,4687.379
A,FC_OTH_HH_E,G3000,KTOE,NO,3.716,3.801,3.36,3.608,3.216,3.211,1.554,1.566,1.536,1.235,1.838,1.169
A,FC_OTH_HH_E,G3000,KTOE,PL,3419.933,3143.1,3157.719,3466.693,3629.954,3561.458,3638.773,3841.427,4566.035,4338.762,4205.247,4234.061
A,FC_OTH_HH_E,G3000,KTOE,PT,244.733,258.147,262.889,243.84,250.733,274.225,285.267,295.747,287.759,267.919,251.654,254.926
A,FC_OTH_HH_E,G3000,KTOE,RO,2444.669,2173.259,2242.82,2287.661,2473.938,2539.206,2530.106,2745.97,3238.374,2709.262,2619.486,2628.647
A,FC_OTH_HH_E,G3000,KTOE,RS,174.011,142.568,151.14,167.735,191.112,194.274,203.179,241.254,295.939,300.425,290.689,321.001
A,FC_OTH_HH_E,G3000,KTOE,SE,33.405,29.127,27.365,30.224,26.074,32.696,19.903,19.017,29.841,25.716,23.224,21.251
A,FC_OTH_HH_E,G3000,KTOE,SI,114.402,88.564,103.482,114.961,119.054,110.945,105.76,105.605,112.452,100.254,84.09,76.827
A,FC_OTH_HH_E,G3000,KTOE,SK,1144.69,1037.059,1050.537,1067.949,1150.021,1118.851,1120.001,1143.392,1228.432,1107.692,1049.699,994.72
A,FC_OTH_HH_E,G3000,KTOE,TR,7853.805,7660.383,9056.621,9567.068,11134.944,10457.465,11852.253,12840.934,13717.561,14808.206,13969.951,15579.126
A,FC_OTH_HH_E,G3000,KTOE,UA,13516.939,11746.84,9085.404,9286.414,8829.72,8478.147,6843.322,6556.771,,,,
A,FC_OTH_HH_E,G3000,KTOE,UK,26659.566,21953.556,23033.578,23616.488,22722.83,24085.369,23984.61,,,,,
A,FC_OTH_HH_E,G3000,KTOE,XK,0.0,0.0,0.0,0.0,0.0,0.0,0.0,0.0,0.0,0.0,0.0,0.0
A,FC_OTH_HH_E,H8000,KTOE,AL,0.0,0.0,0.0,0.0,0.0,0.0,0.0,0.0,0.0,0.0,0.0,0.0
A,FC_OTH_HH_E,H8000,KTOE,AT,732.6,684.141,751.797,788.713,825.19,776.35,766.565,835.362,904.772,862.957,890.045,912.446
A,FC_OTH_HH_E,H8000,KTOE,BA,,83.739,96.135,95.323,95.467,94.679,93.174,98.094,99.718,93.341,93.699,85.149
A,FC_OTH_HH_E,H8000,KTOE,BE,10.588,9.274,7.636,12.033,12.152,13.0,13.184,14.004,15.083,10.636,10.435,11.106
A,FC_OTH_HH_E,H8000,KTOE,BG,318.334,310.739,332.665,324.615,339.79,323.797,307.569,329.942,338.831,307.398,292.11,279.142
A,FC_OTH_HH_E,H8000,KTOE,CY,0.0,0.0,0.0,0.0,0.0,0.0,0.0,0.0,0.0,0.0,0.0,0.0
A,FC_OTH_HH_E,H8000,KTOE,CZ,1194.229,1006.043,1016.17,1056.965,1065.898,998.318,971.232,975.977,1090.528,957.854,809.049,829.809
A,FC_OTH_HH_E,H8000,KTOE,DE,4406.372,3662.511,4070.03,4419.7,4431.141,3656.468,3967.183,3863.762,3863.762,3450.201,3455.981,3382.87
A,FC_OTH_HH_E,H8000,KTOE,DK,1645.911,1510.246,1620.089,1664.023,1678.477,1675.02,1639.458,1588.093,1751.579,1594.86,1646.297,1679.347
A,FC_OTH_HH_E,H8000,KTOE,EE,330.085,298.366,283.486,311.861,318.143,322.442,326.741,312.888,320.054,334.384,321.094,225.722
A,FC_OTH_HH_E,H8000,KTOE,EL,41.511,49.513,49.99,39.744,38.8,40.894,38.523,39.944,35.776,27.383,25.576,24.09
A,FC_OTH_HH_E,H8000,KTOE,ES,0.0,0.0,0.0,0.0,0.0,0.0,0.0,0.0,0.0,0.0,0.0,30.405
A,FC_OTH_HH_E,H8000,KTOE,EU27_2020,22457.579,20188.361,21068.894,22084.66,22118.646,21077.004,20816.854,20368.113,22048.453,19861.691,19565.955,19286.812
A,FC_OTH_HH_E,H8000,KTOE,FI,1598.285,1572.49,1545.691,1684.795,1660.361,1610.156,1592.147,1460.184,1692.868,1580.921,1598.285,1568.358
A,FC_OTH_HH_E,H8000,KTOE,FR,1095.112,1032.156,1154.738,1261.535,1227.912,1248.846,1259.566,1206.728,1438.348,1206.227,1244.438,1264.717
A,FC_OTH_HH_E,H8000,KTOE,GE,0.0,0.0,0.0,0.0,0.0,0.0,0.0,0.0,0.0,0.0,0.0,0.0
A,FC_OTH_HH_E,H8000,KTOE,HR,138.148,114.336,119.59,119.208,117.03,111.563,109.625,113.958,122.862,110.368,103.384,104.521
A,FC_OTH_HH_E,H8000,KTOE,HU,523.24,433.386,468.162,491.019,498.662,467.35,455.001,470.096,500.717,458.13,431.618,420.297
A,FC_OTH_HH_E,H8000,KTOE,IE,0.0,0.0,0.0,0.0,0.0,0.0,0.0,0.0,0.0,0.0,0.0,0.0
A,FC_OTH_HH_E,H8000,KTOE,IS,311.837,296.623,305.675,336.586,337.009,417.88,368.388,393.68,411.298,355.26,365.036,395.551
A,FC_OTH_HH_E,H8000,KTOE,IT,930.52,818.382,908.403,946.666,904.942,1091.622,887.883,869.621,707.864,686.456,611.769,694.339
A,FC_OTH_HH_E,H8000,KTOE,LT,464.675,440.002,429.732,466.347,474.802,472.031,445.663,420.321,501.123,457.629,452.135,446.499
A,FC_OTH_HH_E,H8000,KTOE,LU,0.0,0.0,0.0,0.0,0.0,0.0,0.0,0.0,0.0,0.0,0.0,0.0
A,FC_OTH_HH_E,H8000,KTOE,LV,368.276,350.65,336.797,369.471,372.433,370.992,367.299,346.889,416.086,365.687,347.565,350.898
A,FC_OTH_HH_E,H8000,KTOE,MD,108.818,106.788,117.87,122.934,115.171,122.337,108.723,109.176,122.098,100.363,96.709,105.546
A,FC_OTH_HH_E,H8000,KTOE,ME,0.0,0.0,0.0,0.0,0.0,0.0,0.0,0.0,0.0,0.0,0.0,0.0
A,FC_OTH_HH_E,H8000,KTOE,MK,28.255,27.252,31.981,32.686,35.078,33.858,31.505,36.389,40.57,33.544,34.427,34.636
A,FC_OTH_HH_E,H8000,KTOE,MT,0.0,0.0,0.0,0.0,0.0,0.0,0.0,0.0,0.0,0.0,0.0,0.0
A,FC_OTH_HH_E,H8000,KTOE,NL,325.404,260.772,288.478,293.175,285.213,298.649,288.567,281.368,317.197,245.914,240.569,244.666
A,FC_OTH_HH_E,H8000,KTOE,NO,93.08,85.962,89.174,104.184,117.411,121.078,133.138,126.101,147.509,142.08,165.503,161.084
A,FC_OTH_HH_E,H8000,KTOE,PL,4203.688,3893.188,3881.246,3893.188,3917.073,3749.881,3630.458,3636.906,4060.38,3636.906,3487.389,3279.354
A,FC_OTH_HH_E,H8000,KTOE,PT,0.979,0.908,0.86,0.86,0.86,1.055,0.86,0.86,0.86,0.597,0.0,0.0
A,FC_OTH_HH_E,H8000,KTOE,RO,905.083,799.107,801.543,803.979,804.937,781.775,704.239,711.585,726.845,610.531,558.27,560.761
A,FC_OTH_HH_E,H8000,KTOE,RS,376.564,358.054,401.572,404.342,394.851,404.427,376.463,436.319,459.654,381.362,376.833,374.584
A,FC_OTH_HH_E,H8000,KTOE,SE,2643.857,2447.645,2472.222,2606.286,2613.929,2575.069,2567.235,2404.987,2745.581,2547.459,2677.654,2617.034
A,FC_OTH_HH_E,H8000,KTOE,SI,81.446,66.829,76.693,82.044,79.005,74.94,73.896,75.065,81.841,70.271,67.461,66.077
A,FC_OTH_HH_E,H8000,KTOE,SK,499.236,427.677,452.876,448.433,451.896,416.786,403.96,409.573,415.496,338.922,294.831,294.354
A,FC_OTH_HH_E,H8000,KTOE,TR,0.0,0.0,0.0,0.0,0.0,0.0,0.0,0.0,0.0,0.0,0.0,0.0
A,FC_OTH_HH_E,H8000,KTOE,UA,4668.052,3898.061,2874.51,3078.771,2643.403,2271.496,1979.832,1896.102,,,,
A,FC_OTH_HH_E,H8000,KTOE,UK,51.925,51.925,260.442,260.442,268.564,269.424,269.173,,,,,
A,FC_OTH_HH_E,H8000,KTOE,XK,2.388,2.651,6.162,8.766,9.446,9.551,9.583,11.327,13.19,13.118,13.264,13.277
A,FC_OTH_HH_E,O4630,KTOE,AL,82.49,89.27,91.53,96.05,107.35,109.61,109.61,113.136,122.176,114.266,110.346,96.425
A,FC_OTH_HH_E,O4630,KTOE,AT,30.651,26.196,26.477,26.479,32.026,29.458,30.086,30.726,32.354,27.517,23.505,22.042
A,FC_OTH_HH_E,O4630,KTOE,BA,,8.96,7.84,8.96,10.08,5.22,4.492,6.568,6.674,7.354,7.118,8.204
A,FC_OTH_HH_E,O4630,KTOE,BE,132.942,115.363,118.659,129.646,133.93,133.381,127.448,144.155,156.582,135.569,132.293,145.963
A,FC_OTH_HH_E,O4630,KTOE,BG,24.171,23.073,34.059,27.467,24.159,21.989,19.474,19.986,20.573,17.073,12.778,11.989
A,FC_OTH_HH_E,O4630,KTOE,CY,37.281,35.022,38.411,39.541,36.679,32.139,36.317,35.369,37.805,39.744,37.956,38.016
A,FC_OTH_HH_E,O4630,KTOE,CZ,38.707,44.984,44.984,44.984,44.984,50.215,44.984,48.123,48.123,44.984,53.353,54.4
A,FC_OTH_HH_E,O4630,KTOE,DE,860.855,713.823,587.283,754.114,565.843,865.225,787.036,870.369,790.122,866.254,562.756,862.138
A,FC_OTH_HH_E,O4630,KTOE,DK,16.48,13.184,17.917,19.749,21.112,21.033,20.157,19.587,20.661,21.191,21.569,22.727
A,FC_OTH_HH_E,O4630,KTOE,EE,3.26,4.347,5.434,7.607,7.607,6.52,7.249,4.347,3.695,2.173,3.26,0.0
A,FC_OTH_HH_E,O4630,KTOE,EL,60.428,86.797,79.106,76.908,81.191,81.693,80.335,81.446,105.844,116.144,108.477,109.627
A,FC_OTH_HH_E,O4630,KTOE,ES,1172.671,1095.849,1076.643,1110.535,1031.454,1073.254,900.404,841.657,895.978,1010.068,859.909,832.511
A,FC_OTH_HH_E,O4630,KTOE,EU27_2020,6155.021,5589.791,5473.606,5713.694,5545.739,5804.409,5523.604,5493.89,5581.821,5445.314,4819.401,5087.369
A,FC_OTH_HH_E,O4630,KTOE,FI,4.423,4.423,5.529,4.423,4.423,4.423,4.423,5.529,5.529,4.423,3.318,3.318
A,FC_OTH_HH_E,O4630,KTOE,FR,1073.051,922.017,929.442,922.015,919.777,873.313,819.181,793.451,898.278,727.565,618.706,649.468
A,FC_OTH_HH_E,O4630,KTOE,GE,15.382,17.579,19.776,17.579,15.052,18.887,10.547,9.668,8.148,5.613,5.492,5.215
A,FC_OTH_HH_E,O4630,KTOE,HR,60.477,52.638,53.758,54.877,52.078,47.486,48.718,45.806,45.918,41.998,35.614,40.766
A,FC_OTH_HH_E,O4630,KTOE,HU,84.193,72.967,72.967,59.536,74.938,76.04,73.836,79.347,73.836,66.122,63.827,58.351
A,FC_OTH_HH_E,O4630,KTOE,IE,40.039,35.967,36.511,48.276,47.764,53.842,50.02,55.286,47.77,45.353,49.456,50.307
A,FC_OTH_HH_E,O4630,KTOE,IS,1.123,1.123,2.245,1.083,1.549,1.77,1.867,1.227,1.179,1.122,1.101,1.148
A,FC_OTH_HH_E,O4630,KTOE,IT,1192.08,1080.013,1085.507,1118.468,1147.797,1116.09,1118.323,1100.62,1154.767,1071.128,1067.604,1058.669
A,FC_OTH_HH_E,O4630,KTOE,LT,38.805,35.479,31.689,33.874,36.201,34.967,38.136,31.935,26.795,30.985,52.537,43.362
A,FC_OTH_HH_E,O4630,KTOE,LU,0.386,0.499,0.474,0.463,0.358,0.456,0.675,0.485,0.233,0.251,0.147,0.246
A,FC_OTH_HH_E,O4630,KTOE,LV,21.754,23.929,18.491,18.491,18.961,16.217,14.842,15.669,16.437,17.512,28.389,29.328
A,FC_OTH_HH_E,O4630,KTOE,MD,63.818,63.818,66.019,69.314,62.713,62.713,57.541,54.791,53.394,51.38,50.093,51.6
A,FC_OTH_HH_E,O4630,KTOE,ME,0.0,1.12,1.12,1.12,1.232,1.68,1.792,1.904,2.016,1.904,1.456,1.232
A,FC_OTH_HH_E,O4630,KTOE,MK,7.838,6.702,6.707,7.655,7.648,7.165,4.864,4.63,4.756,3.698,3.536,3.395
A,FC_OTH_HH_E,O4630,KTOE,MT,15.382,14.283,16.48,14.283,16.169,12.419,13.077,13.889,12.772,12.154,11.147,10.634
A,FC_OTH_HH_E,O4630,KTOE,NL,30.226,23.749,23.214,23.214,23.214,23.214,23.213,23.213,23.214,23.213,23.212,23.214
A,FC_OTH_HH_E,O4630,KTOE,NO,8.809,8.809,1.101,1.101,5.505,6.606,4.524,5.129,4.934,3.979,6.878,3.977
A,FC_OTH_HH_E,O4630,KTOE,PL,516.385,510.891,510.891,516.385,527.372,549.346,582.306,549.346,521.878,508.694,473.085,428.49
A,FC_OTH_HH_E,O4630,KTOE,PT,452.661,409.812,379.048,374.654,380.824,364.246,359.337,396.509,343.532,311.294,297.635,297.375
A,FC_OTH_HH_E,O4630,KTOE,RO,204.648,209.247,239.139,242.589,272.089,277.257,286.057,250.228,256.789,265.419,243.257,263.924
A,FC_OTH_HH_E,O4630,KTOE,RS,70.06,39.55,61.02,65.54,47.644,37.714,47.363,26.077,30.625,35.281,34.882,27.764
A,FC_OTH_HH_E,O4630,KTOE,SE,4.578,6.647,4.101,4.429,4.311,4.11,4.11,4.11,4.11,4.11,4.11,4.11
A,FC_OTH_HH_E,O4630,KTOE,SI,29.697,24.197,32.997,31.897,31.688,28.385,27.268,26.11,29.436,26.685,24.909,21.999
A,FC_OTH_HH_E,O4630,KTOE,SK,8.79,4.395,4.395,8.79,8.79,7.691,6.592,6.592,8.79,7.691,6.592,4.395
A,FC_OTH_HH_E,O4630,KTOE,TR,942.413,905.305,272.398,232.622,229.337,211.942,205.613,446.363,429.911,377.562,384.789,355.373
A,FC_OTH_HH_E,O4630,KTOE,UA,40.652,31.862,14.283,115.363,54.935,75.81,27.467,33.29,,,,
A,FC_OTH_HH_E,O4630,KTOE,UK,329.292,233.838,224.789,235.255,228.314,239.781,270.157,,,,,
A,FC_OTH_HH_E,O4630,KTOE,XK,8.793,7.694,7.694,7.694,6.021,5.765,6.421,6.572,6.44,7.857,7.866,8.012
A,FC_OTH_HH_E,O4669,KTOE,AL,0.0,0.0,0.0,0.0,0.0,0.0,0.0,0.0,0.0,0.0,0.0,0.0
A,FC_OTH_HH_E,O4669,KTOE,AT,0.0,0.0,0.0,0.0,0.0,0.0,0.0,0.0,0.0,0.0,0.0,0.0
A,FC_OTH_HH_E,O4669,KTOE,BA,,0.0,0.0,0.0,0.0,0.0,0.0,0.0,0.0,0.0,0.0,0.0
A,FC_OTH_HH_E,O4669,KTOE,BE,40.465,27.114,31.838,30.606,31.53,31.53,27.833,27.2,35.15,32.012,30.338,26.467
A,FC_OTH_HH_E,O4669,KTOE,BG,0.0,0.0,0.0,0.0,0.0,0.0,0.0,0.0,0.0,0.0,0.0,0.0
A,FC_OTH_HH_E,O4669,KTOE,CY,12.554,9.415,14.646,14.646,14.908,9.728,13.135,13.383,11.984,12.278,8.417,7.816
A,FC_OTH_HH_E,O4669,KTOE,CZ,0.0,0.0,0.0,0.0,0.0,0.0,0.0,0.0,0.0,0.0,0.0,0.0
A,FC_OTH_HH_E,O4669,KTOE,DE,3.067,2.045,3.067,6.134,0.0,7.156,6.134,6.134,9.2,5.111,0.0,0.0
A,FC_OTH_HH_E,O4669,KTOE,DK,0.0,0.0,0.221,0.028,0.0,2.758,3.762,0.759,0.216,0.043,0.077,0.0
A,FC_OTH_HH_E,O4669,KTOE,EE,0.0,0.0,0.0,0.0,0.0,0.0,0.0,0.0,0.0,0.0,0.0,0.0
A,FC_OTH_HH_E,O4669,KTOE,EL,4.108,3.081,4.108,3.081,3.765,2.621,2.779,2.539,2.092,2.531,1.924,1.555
A,FC_OTH_HH_E,O4669,KTOE,ES,0.0,0.0,0.0,0.0,0.0,0.0,0.0,0.0,0.046,0.022,0.024,0.026
A,FC_OTH_HH_E,O4669,KTOE,EU27_2020,988.669,883.229,1024.268,1086.637,1045.036,1104.801,1090.569,1236.279,1131.479,971.991,906.05,987.117
A,FC_OTH_HH_E,O4669,KTOE,FI,0.0,0.0,0.0,0.0,0.0,0.0,0.0,0.0,0.0,0.0,0.0,0.0
A,FC_OTH_HH_E,O4669,KTOE,FR,187.379,141.7,161.117,176.132,185.229,169.284,177.309,160.897,176.706,176.956,122.869,146.46
A,FC_OTH_HH_E,O4669,KTOE,GE,0.0,0.0,0.0,0.0,0.0,0.0,0.0,0.0,0.0,0.0,0.0,0.0
A,FC_OTH_HH_E,O4669,KTOE,HR,1.05,0.0,0.0,0.0,0.0,0.0,0.0,0.0,0.0,0.0,0.0,0.0
A,FC_OTH_HH_E,O4669,KTOE,HU,0.0,0.0,0.0,0.0,0.0,0.0,0.0,0.0,0.0,0.0,0.0,0.0
A,FC_OTH_HH_E,O4669,KTOE,IE,724.919,687.105,800.232,846.434,800.995,873.307,851.167,1017.243,888.426,735.685,735.411,798.243
A,FC_OTH_HH_E,O4669,KTOE,IS,0.0,0.0,0.0,0.0,0.0,0.0,0.0,0.0,0.0,0.0,0.0,0.0
A,FC_OTH_HH_E,O4669,KTOE,IT,7.189,4.108,1.027,2.054,2.054,2.054,2.054,2.054,1.604,1.387,1.451,1.13
A,FC_OTH_HH_E,O4669,KTOE,LT,0.0,0.0,0.0,0.0,0.0,0.0,0.0,0.0,0.0,0.0,0.0,0.0
A,FC_OTH_HH_E,O4669,KTOE,LU,0.716,0.431,0.866,0.506,0.521,0.499,0.677,0.534,0.636,0.68,0.367,0.37
A,FC_OTH_HH_E,O4669,KTOE,LV,0.0,0.0,0.0,0.0,0.0,0.0,0.0,0.0,0.0,0.0,0.0,0.0
A,FC_OTH_HH_E,O4669,KTOE,MD,0.0,0.0,0.0,0.0,0.0,0.0,0.0,0.0,0.0,0.0,0.0,0.0
A,FC_OTH_HH_E,O4669,KTOE,ME,0.0,0.0,0.0,0.0,0.0,0.0,0.0,0.0,0.0,0.0,0.0,0.0
A,FC_OTH_HH_E,O4669,KTOE,MK,0.0,0.0,0.0,0.0,0.0,0.0,0.0,0.0,0.0,0.0,0.0,0.0
A,FC_OTH_HH_E,O4669,KTOE,MT,0.0,0.0,0.0,0.0,0.0,0.0,0.0,0.0,0.0,0.0,0.0,0.0
A,FC_OTH_HH_E,O4669,KTOE,NL,6.177,6.177,6.12,5.99,5.864,5.739,5.616,5.49,5.383,5.268,5.157,5.049
A,FC_OTH_HH_E,O4669,KTOE,NO,40.148,28.824,25.736,25.736,10.294,9.265,0.58,0.0,0.0,0.0,0.0,0.0
A,FC_OTH_HH_E,O4669,KTOE,PL,0.0,0.0,0.0,0.0,0.0,0.0,0.0,0.0,0.0,0.0,0.0,0.0
A,FC_OTH_HH_E,O4669,KTOE,PT,1.045,0.0,0.0,0.0,0.17,0.125,0.103,0.046,0.036,0.018,0.015,0.001
A,FC_OTH_HH_E,O4669,KTOE,RO,0.0,2.053,1.026,1.026,0.0,0.0,0.0,0.0,0.0,0.0,0.0,0.0
A,FC_OTH_HH_E,O4669,KTOE,RS,0.0,0.0,0.0,0.0,0.0,0.0,0.0,0.0,0.0,0.0,0.0,0.0
A,FC_OTH_HH_E,O4669,KTOE,SE,0.0,0.0,0.0,0.0,0.0,0.0,0.0,0.0,0.0,0.0,0.0,0.0
A,FC_OTH_HH_E,O4669,KTOE,SI,0.0,0.0,0.0,0.0,0.0,0.0,0.0,0.0,0.0,0.0,0.0,0.0
A,FC_OTH_HH_E,O4669,KTOE,SK,0.0,0.0,0.0,0.0,0.0,0.0,0.0,0.0,0.0,0.0,0.0,0.0
A,FC_OTH_HH_E,O4669,KTOE,TR,58.584,35.569,45.295,15.764,15.674,8.369,9.415,8.859,2.112,1.786,1.55,1.023
A,FC_OTH_HH_E,O4669,KTOE,UA,0.0,0.0,0.0,0.0,0.0,0.0,0.0,0.0,,,,
A,FC_OTH_HH_E,O4669,KTOE,UK,2228.286,2001.103,2015.351,2003.21,1950.058,1996.4,1979.517,,,,,
A,FC_OTH_HH_E,O4669,KTOE,XK,0.0,0.0,0.0,0.0,0.0,0.0,0.0,0.0,0.0,0.0,0.0,0.0
A,FC_OTH_HH_E,O4671XR5220B,KTOE,AL,0.0,0.0,0.0,0.0,0.0,0.0,0.0,0.0,0.0,0.0,0.0,0.0
A,FC_OTH_HH_E,O4671XR5220B,KTOE,AT,1089.508,953.79,994.496,988.64,995.642,884.572,889.59,915.061,958.144,816.749,660.589,543.772
A,FC_OTH_HH_E,O4671XR5220B,KTOE,BA,,76.508,70.388,75.488,34.684,21.32,9.429,24.53,21.213,20.381,18.06,18.102
A,FC_OTH_HH_E,O4671XR5220B,KTOE,BE,2659.702,2167.24,2565.076,2325.967,2325.459,2267.36,1778.052,2039.388,1912.857,1653.017,1604.951,1606.697
A,FC_OTH_HH_E,O4671XR5220B,KTOE,BG,0.0,1.01,0.0,0.0,0.79,0.12,0.299,1.132,0.473,1.055,0.166,0.056
A,FC_OTH_HH_E,O4671XR5220B,KTOE,CY,63.245,58.276,66.669,66.636,66.604,54.726,61.847,61.062,50.662,55.852,46.398,45.913
A,FC_OTH_HH_E,O4671XR5220B,KTOE,CZ,0.0,0.0,0.0,0.0,0.0,0.0,0.0,0.0,0.0,0.0,0.0,0.0
A,FC_OTH_HH_E,O4671XR5220B,KTOE,DE,13240.92,11526.642,11030.73,10666.381,10681.11,9298.447,10974.745,12054.941,6997.667,9842.099,9307.222,9053.334
A,FC_OTH_HH_E,O4671XR5220B,KTOE,DK,281.077,195.952,201.035,192.848,176.824,178.815,160.838,140.091,122.637,128.281,115.604,102.416
A,FC_OTH_HH_E,O4671XR5220B,KTOE,EE,4.041,4.041,4.041,3.031,2.021,2.021,2.021,2.021,1.01,1.01,1.01,0.0
A,FC_OTH_HH_E,O4671XR5220B,KTOE,EL,923.875,961.522,1380.725,1186.386,1161.137,952.232,1070.339,1200.74,1033.328,1165.827,786.141,802.478
A,FC_OTH_HH_E,O4671XR5220B,KTOE,ES,1558.016,1608.34,1941.101,1659.692,1621.692,1715.152,1492.285,1611.422,1564.975,1461.783,1409.775,1450.657
A,FC_OTH_HH_E,O4671XR5220B,KTOE,EU27_2020,28939.615,24660.373,25668.422,24401.984,23997.944,21931.35,22499.482,23932.673,18313.753,19565.88,17819.633,17394.624
A,FC_OTH_HH_E,O4671XR5220B,KTOE,FI,368.358,355.976,315.326,327.388,304.902,278.101,252.528,219.694,194.664,138.243,67.849,57.579
A,FC_OTH_HH_E,O4671XR5220B,KTOE,FR,6192.701,4784.375,4979.652,4930.735,4895.092,4390.682,4198.576,4081.012,3910.57,2945.24,2559.841,2562.436
A,FC_OTH_HH_E,O4671XR5220B,KTOE,GE,0.0,0.0,0.0,0.0,0.0,0.0,0.0,0.0,0.0,0.0,0.0,0.0
A,FC_OTH_HH_E,O4671XR5220B,KTOE,HR,85.689,69.368,86.709,85.689,85.077,72.02,51.822,59.37,43.151,57.228,53.862,53.964
A,FC_OTH_HH_E,O4671XR5220B,KTOE,HU,0.0,0.0,0.0,0.0,0.0,0.0,0.0,0.0,0.0,0.0,0.0,0.0
A,FC_OTH_HH_E,O4671XR5220B,KTOE,IE,319.107,257.468,240.268,257.823,232.436,238.203,246.357,262.688,259.472,214.862,214.783,233.133
A,FC_OTH_HH_E,O4671XR5220B,KTOE,IS,1.027,2.054,1.027,0.922,2.165,0.877,0.678,0.672,0.647,0.533,0.423,0.449
A,FC_OTH_HH_E,O4671XR5220B,KTOE,IT,1505.876,1157.896,1287.117,1168.071,936.661,1081.585,855.293,768.589,721.713,604.096,526.575,407.614
A,FC_OTH_HH_E,O4671XR5220B,KTOE,LT,10.287,11.316,9.213,14.332,19.041,22.214,21.293,22.035,25.52,30.234,29.414,27.467
A,FC_OTH_HH_E,O4671XR5220B,KTOE,LU,179.356,152.646,174.761,174.995,155.978,145.545,115.405,134.579,133.299,128.426,133.946,120.79
A,FC_OTH_HH_E,O4671XR5220B,KTOE,LV,25.371,25.371,25.371,27.401,30.03,32.916,32.881,32.475,31.877,31.866,31.866,31.866
A,FC_OTH_HH_E,O4671XR5220B,KTOE,MD,0.0,0.0,0.0,0.0,0.0,0.0,0.0,0.0,0.0,0.0,0.0,0.0
A,FC_OTH_HH_E,O4671XR5220B,KTOE,ME,1.02,0.0,0.0,0.0,0.0,0.0,0.0,0.0,0.0,0.0,0.0,0.0
A,FC_OTH_HH_E,O4671XR5220B,KTOE,MK,5.137,4.103,4.103,3.859,4.215,3.857,4.131,3.933,4.04,3.81,2.625,1.951
A,FC_OTH_HH_E,O4671XR5220B,KTOE,MT,1.027,1.027,1.027,0.0,0.23,0.056,0.041,0.026,0.027,0.031,0.024,0.023
A,FC_OTH_HH_E,O4671XR5220B,KTOE,NL,7.223,7.223,7.276,7.269,7.28,7.31,7.275,7.264,7.272,7.265,7.266,7.272
A,FC_OTH_HH_E,O4671XR5220B,KTOE,NO,89.729,66.791,62.314,69.431,56.412,36.174,9.016,0.176,0.086,0.0,0.0,0.0
A,FC_OTH_HH_E,O4671XR5220B,KTOE,PL,82.736,72.394,76.001,71.893,71.893,82.163,66.757,67.784,100.65,87.298,82.163,100.65
A,FC_OTH_HH_E,O4671XR5220B,KTOE,PT,61.622,58.541,54.433,55.46,47.629,56.593,48.182,53.203,50.111,42.986,36.091,37.997
A,FC_OTH_HH_E,O4671XR5220B,KTOE,RO,0.0,0.0,0.0,0.0,0.0,0.0,0.0,0.0,0.0,0.0,0.0,0.0
A,FC_OTH_HH_E,O4671XR5220B,KTOE,RS,3.133,3.133,0.0,0.0,0.0,0.0,0.0,0.0,0.0,0.0,0.0,0.0
A,FC_OTH_HH_E,O4671XR5220B,KTOE,SE,127.252,105.832,106.317,79.426,78.115,74.357,75.228,91.397,106.254,54.712,47.316,61.648
A,FC_OTH_HH_E,O4671XR5220B,KTOE,SI,152.626,124.127,121.078,111.921,102.301,96.16,97.828,106.699,87.42,97.72,96.781,86.862
A,FC_OTH_HH_E,O4671XR5220B,KTOE,SK,0.0,0.0,0.0,0.0,0.0,0.0,0.0,0.0,0.0,0.0,0.0,0.0
A,FC_OTH_HH_E,O4671XR5220B,KTOE,TR,0.0,0.0,0.0,0.0,0.0,0.0,0.0,0.0,0.0,0.0,0.0,0.0
A,FC_OTH_HH_E,O4671XR5220B,KTOE,UA,0.0,0.0,0.0,0.0,0.0,0.0,0.0,0.0,,,,
A,FC_OTH_HH_E,O4671XR5220B,KTOE,UK,136.135,141.276,146.794,170.344,158.517,170.403,168.536,,,,,
A,FC_OTH_HH_E,O4671XR5220B,KTOE,XK,3.315,4.146,7.256,4.146,4.284,4.595,4.657,4.758,5.173,6.717,6.999,7.699
A,FC_OTH_HH_E,R5110-5150_W6000RI,KTOE,AL,160.003,160.003,160.003,136.62,124.698,122.349,119.0,119.065,116.634,111.972,111.204,99.914
A,FC_OTH_HH_E,R5110-5150_W6000RI,KTOE,AT,1850.415,1623.582,1726.856,1774.505,1782.416,1640.86,1676.516,1684.075,2023.561,1868.409,2071.238,1979.81
A,FC_OTH_HH_E,R5110-5150_W6000RI,KTOE,BA,,321.057,432.741,432.645,345.992,1076.407,1067.999,1154.056,1124.63,1197.955,1143.952,1115.53
A,FC_OTH_HH_E,R5110-5150_W6000RI,KTOE,BE,633.228,456.898,541.614,606.716,567.221,564.73,555.188,507.089,622.779,577.453,605.052,605.665
A,FC_OTH_HH_E,R5110-5150_W6000RI,KTOE,BG,749.642,733.305,716.108,758.025,759.613,738.674,710.563,847.749,750.893,640.213,583.893,452.13
A,FC_OTH_HH_E,R5110-5150_W6000RI,KTOE,CY,6.78,4.389,10.462,10.731,13.728,14.717,15.454,15.374,14.569,15.145,12.86,8.316
A,FC_OTH_HH_E,R5110-5150_W6000RI,KTOE,CZ,1686.73,1726.378,1753.081,1776.894,1810.88,1882.698,2016.811,2058.426,2292.385,2149.951,1922.632,1803.419
A,FC_OTH_HH_E,R5110-5150_W6000RI,KTOE,DE,7326.144,5798.629,5800.373,5344.941,5494.148,5860.227,5971.959,5629.55,6645.242,7237.747,5600.076,5603.874
A,FC_OTH_HH_E,R5110-5150_W6000RI,KTOE,DK,857.086,835.517,967.766,1021.505,972.0,917.886,843.962,793.662,816.639,655.256,704.692,652.281
A,FC_OTH_HH_E,R5110-5150_W6000RI,KTOE,EE,373.651,371.477,361.445,383.778,390.418,394.096,378.38,396.484,387.884,408.485,369.199,395.185
A,FC_OTH_HH_E,R5110-5150_W6000RI,KTOE,EL,774.792,749.976,784.155,681.021,695.233,658.042,634.434,599.051,645.702,672.057,706.812,548.594
A,FC_OTH_HH_E,R5110-5150_W6000RI,KTOE,ES,2494.387,2510.318,2489.777,1806.606,1812.219,1817.02,1823.756,1826.813,1636.142,1638.387,1645.959,1625.084
A,FC_OTH_HH_E,R5110-5150_W6000RI,KTOE,EU27_2020,45735.134,39917.096,41635.708,41165.853,41525.2,43402.823,42934.235,41410.154,45318.357,42478.7,39465.313,38113.743
A,FC_OTH_HH_E,R5110-5150_W6000RI,KTOE,FI,1251.433,1267.269,1195.113,1300.396,1273.526,1251.385,1229.961,1131.079,1268.534,1166.046,1126.923,1070.722
A,FC_OTH_HH_E,R5110-5150_W6000RI,KTOE,FR,7474.073,5858.735,6273.895,6818.686,6603.054,6408.756,6416.083,5818.975,6846.396,6027.276,6060.773,5902.483
A,FC_OTH_HH_E,R5110-5150_W6000RI,KTOE,GE,472.891,456.936,390.561,380.577,358.438,265.514,241.168,226.539,233.989,206.339,206.664,191.115
A,FC_OTH_HH_E,R5110-5150_W6000RI,KTOE,HR,1146.532,1009.219,1157.113,1123.03,1084.437,1032.54,999.174,1014.409,1101.862,998.775,962.658,919.607
A,FC_OTH_HH_E,R5110-5150_W6000RI,KTOE,HU,2036.472,1651.333,1764.737,1719.117,1623.579,1352.226,1263.184,1266.098,1317.522,1278.566,1217.493,1181.284
A,FC_OTH_HH_E,R5110-5150_W6000RI,KTOE,IE,28.255,26.175,33.718,34.418,28.366,29.781,25.46,26.0,26.337,23.336,24.686,28.192
A,FC_OTH_HH_E,R5110-5150_W6000RI,KTOE,IS,0.0,0.0,0.0,0.0,0.0,0.0,0.0,0.0,0.0,0.0,0.0,0.0
A,FC_OTH_HH_E,R5110-5150_W6000RI,KTOE,IT,6591.502,5631.389,6351.533,6129.192,6717.616,6206.445,6195.413,5955.436,6600.445,5510.021,4906.481,4646.496
A,FC_OTH_HH_E,R5110-5150_W6000RI,KTOE,LT,539.672,508.288,490.661,483.902,470.192,479.674,461.379,460.256,462.238,440.671,421.085,479.841
A,FC_OTH_HH_E,R5110-5150_W6000RI,KTOE,LU,19.072,21.141,22.428,25.259,22.697,23.933,15.444,15.3,15.96,21.612,27.272,32.911
A,FC_OTH_HH_E,R5110-5150_W6000RI,KTOE,LV,575.738,565.826,456.912,449.006,503.798,534.622,508.407,451.495,460.285,441.971,435.456,438.698
A,FC_OTH_HH_E,R5110-5150_W6000RI,KTOE,MD,567.713,601.103,610.824,659.143,720.479,718.138,606.716,559.568,595.491,486.959,480.486,455.169
A,FC_OTH_HH_E,R5110-5150_W6000RI,KTOE,ME,155.274,149.924,153.387,150.664,148.299,134.136,128.332,131.771,138.005,126.063,125.179,153.759
A,FC_OTH_HH_E,R5110-5150_W6000RI,KTOE,MK,213.098,222.772,217.039,183.522,214.808,179.9,189.606,188.387,189.168,183.253,172.935,162.358
A,FC_OTH_HH_E,R5110-5150_W6000RI,KTOE,MT,0.86,1.075,1.146,1.087,1.354,1.338,1.674,1.442,1.566,1.802,1.457,0.818
A,FC_OTH_HH_E,R5110-5150_W6000RI,KTOE,NL,399.877,397.146,393.523,389.881,386.424,386.858,382.414,379.721,380.21,380.371,379.995,379.411
A,FC_OTH_HH_E,R5110-5150_W6000RI,KTOE,NO,482.636,415.425,443.8,424.883,453.401,443.307,404.899,441.932,490.833,522.646,486.991,478.057
A,FC_OTH_HH_E,R5110-5150_W6000RI,KTOE,PL,2790.914,2518.63,2588.97,2661.579,2620.737,5676.666,5248.024,4854.025,4947.353,4703.283,4376.844,4413.275
A,FC_OTH_HH_E,R5110-5150_W6000RI,KTOE,PT,763.543,759.649,755.708,757.213,757.213,749.98,753.565,764.684,767.88,767.8,787.664,758.158
A,FC_OTH_HH_E,R5110-5150_W6000RI,KTOE,RO,3109.033,3119.041,2950.941,2974.754,3050.519,3024.516,3042.954,3060.725,3252.206,3071.577,2938.128,2717.355
A,FC_OTH_HH_E,R5110-5150_W6000RI,KTOE,RS,800.994,851.462,847.186,873.125,803.504,840.947,871.155,1356.045,1428.129,1427.816,1429.729,1431.633
A,FC_OTH_HH_E,R5110-5150_W6000RI,KTOE,SE,968.783,905.632,913.06,912.129,910.672,776.416,763.28,860.275,886.954,816.232,786.663,767.507
A,FC_OTH_HH_E,R5110-5150_W6000RI,KTOE,SI,552.785,457.175,524.601,530.501,506.282,453.515,426.61,410.849,461.803,371.771,344.113,335.521
A,FC_OTH_HH_E,R5110-5150_W6000RI,KTOE,SK,733.735,408.904,610.012,690.981,666.858,525.222,574.186,581.112,685.01,594.487,445.209,367.106
A,FC_OTH_HH_E,R5110-5150_W6000RI,KTOE,TR,3281.456,3115.004,2804.003,2588.994,2361.995,1555.0,1503.0,1584.0,1528.302,1642.684,1802.245,1629.0
A,FC_OTH_HH_E,R5110-5150_W6000RI,KTOE,UA,963.289,1034.848,1065.324,1474.157,1646.627,1782.077,1828.953,1863.5,,,,
A,FC_OTH_HH_E,R5110-5150_W6000RI,KTOE,UK,1501.648,1426.388,1611.398,1734.045,1725.017,1882.464,1942.82,,,,,
A,FC_OTH_HH_E,R5110-5150_W6000RI,KTOE,XK,228.814,230.63,241.593,337.035,343.721,347.629,345.478,343.745,339.637,232.272,229.889,183.911
A,FC_OTH_HH_E,RA410,KTOE,AL,5.374,5.374,6.377,6.5,7.5,7.58,7.8,7.801,8.12,9.12,9.309,9.527
A,FC_OTH_HH_E,RA410,KTOE,AT,119.221,117.079,127.428,131.121,121.636,110.896,112.768,121.587,132.91,126.051,126.576,120.107
A,FC_OTH_HH_E,RA410,KTOE,BA,,0.0,0.0,0.0,0.0,0.0,0.0,0.0,0.0,0.0,0.0,0.0
A,FC_OTH_HH_E,RA410,KTOE,BE,17.455,20.71,22.635,21.596,22.468,24.47,24.348,25.222,23.104,24.74,23.455,22.38
A,FC_OTH_HH_E,RA410,KTOE,BG,8.957,9.434,9.649,9.649,9.971,10.472,10.953,11.51,12.254,13.45,13.96,14.323
A,FC_OTH_HH_E,RA410,KTOE,CY,55.842,56.774,57.681,58.613,59.684,60.872,61.829,62.874,63.971,64.996,65.95,66.939
A,FC_OTH_HH_E,RA410,KTOE,CZ,10.812,11.526,12.335,13.021,13.632,14.049,14.324,14.713,15.112,15.641,16.201,16.654
A,FC_OTH_HH_E,RA410,KTOE,DE,548.414,590.714,632.512,631.962,645.577,729.77,697.693,732.134,702.804,800.158,749.188,722.222
A,FC_OTH_HH_E,RA410,KTOE,DK,11.198,11.461,11.79,11.955,12.119,12.251,12.404,12.404,11.341,13.031,12.213,12.071
A,FC_OTH_HH_E,RA410,KTOE,EE,0.0,0.0,0.0,0.0,0.0,0.0,0.0,0.0,0.0,0.0,0.0,0.0
A,FC_OTH_HH_E,RA410,KTOE,EL,236.434,242.476,248.28,253.201,259.936,265.453,273.837,280.799,291.151,306.172,323.05,330.279
A,FC_OTH_HH_E,RA410,KTOE,ES,171.369,183.79,197.627,213.283,226.327,240.516,254.153,267.325,277.878,286.281,293.68,294.599
A,FC_OTH_HH_E,RA410,KTOE,EU27_2020,1581.05,1675.929,1787.503,1841.163,1889.532,2019.738,2050.687,2150.432,2179.269,2347.597,2349.749,2326.427
A,FC_OTH_HH_E,RA410,KTOE,FI,1.242,1.361,1.481,1.648,1.791,1.982,2.173,2.388,2.627,2.627,2.627,2.627
A,FC_OTH_HH_E,RA410,KTOE,FR,133.486,141.07,154.086,164.004,171.163,186.421,198.256,207.175,216.369,228.156,234.252,239.717
A,FC_OTH_HH_E,RA410,KTOE,GE,0.549,0.0,0.0,0.0,0.074,0.081,0.088,0.088,0.098,0.115,0.124,0.146
A,FC_OTH_HH_E,RA410,KTOE,HR,5.78,6.544,7.285,8.097,8.997,9.757,10.815,11.441,11.947,11.242,11.515,11.809
A,FC_OTH_HH_E,RA410,KTOE,HU,8.598,9.482,10.485,10.963,11.536,12.348,13.113,14.713,15.262,15.692,17.269,17.436
A,FC_OTH_HH_E,RA410,KTOE,IE,9.936,10.579,11.264,11.926,12.479,13.382,13.527,13.901,13.848,13.891,13.937,13.88
A,FC_OTH_HH_E,RA410,KTOE,IS,0.0,0.0,0.0,0.0,0.0,0.0,0.0,0.0,0.0,0.0,0.0,0.0
A,FC_OTH_HH_E,RA410,KTOE,IT,124.439,132.87,140.537,148.061,154.491,161.632,168.68,180.184,188.957,204.991,219.34,225.176
A,FC_OTH_HH_E,RA410,KTOE,LT,0.0,0.0,0.0,0.0,0.0,0.0,0.0,0.0,0.0,0.0,0.0,0.0
A,FC_OTH_HH_E,RA410,KTOE,LU,1.633,1.76,1.909,2.059,2.176,2.24,2.308,2.392,2.489,2.52,2.611,2.684
A,FC_OTH_HH_E,RA410,KTOE,LV,0.0,0.0,0.0,0.0,0.0,0.0,0.0,0.0,0.0,0.0,0.0,0.0
A,FC_OTH_HH_E,RA410,KTOE,MD,0.0,0.0,0.0,0.0,0.0,0.0,0.0,0.0,0.0,0.0,0.0,0.0
A,FC_OTH_HH_E,RA410,KTOE,ME,0.0,0.0,0.0,0.0,0.0,0.0,0.0,0.0,0.0,0.0,1.242,4.593
A,FC_OTH_HH_E,RA410,KTOE,MK,0.0,0.0,0.0,0.0,0.0,0.0,0.0,0.0,2.889,2.899,3.1,3.111
A,FC_OTH_HH_E,RA410,KTOE,MT,4.366,4.639,4.806,4.944,4.989,5.031,5.068,5.115,3.6,3.21,2.887,2.563
A,FC_OTH_HH_E,RA410,KTOE,NL,21.138,21.544,21.735,21.926,21.759,22.093,22.547,22.475,22.237,22.308,22.475,22.022
A,FC_OTH_HH_E,RA410,KTOE,NO,0.0,0.0,0.0,0.0,0.0,0.0,0.0,0.0,0.0,0.0,0.0,0.0
A,FC_OTH_HH_E,RA410,KTOE,PL,20.445,29.975,39.529,46.408,48.557,50.85,66.01,74.535,79.732,99.688,102.735,91.576
A,FC_OTH_HH_E,RA410,KTOE,PT,43.661,46.121,48.151,50.373,52.781,57.376,57.798,60.415,63.288,64.419,68.336,69.17
A,FC_OTH_HH_E,RA410,KTOE,RO,0.0,0.0,0.0,0.0,0.0,0.0,0.0,0.0,0.0,0.0,0.0,0.0
A,FC_OTH_HH_E,RA410,KTOE,RS,0.0,0.0,0.0,0.0,0.0,0.0,0.0,0.0,0.0,0.0,0.0,0.0
A,FC_OTH_HH_E,RA410,KTOE,SE,11.178,11.178,11.274,11.178,11.082,10.915,10.653,10.414,10.151,9.793,9.53,9.219
A,FC_OTH_HH_E,RA410,KTOE,SI,10.168,10.232,10.367,10.494,10.529,10.561,10.599,9.479,10.451,10.371,10.295,10.041
A,FC_OTH_HH_E,RA410,KTOE,SK,5.278,4.61,4.657,4.681,5.852,6.401,6.831,7.237,7.786,8.169,7.667,8.933
A,FC_OTH_HH_E,RA410,KTOE,TR,517.985,523.001,544.545,539.004,548.0,570.0,537.0,548.0,559.0,783.855,863.758,954.75
A,FC_OTH_HH_E,RA410,KTOE,UA,0.0,0.0,0.0,0.0,0.0,0.0,0.0,0.0,,,,
A,FC_OTH_HH_E,RA410,KTOE,UK,47.889,49.561,50.683,35.301,35.684,35.97,36.137,,,,,
A,FC_OTH_HH_E,RA410,KTOE,XK,0.096,0.096,0.096,0.096,0.096,0.103,0.104,0.103,0.099,0.095,0.103,0.08
A,FC_OTH_HH_E,RA600,KTOE,AL,0.0,0.0,0.0,0.0,0.0,0.0,0.0,0.0,0.0,0.0,0.0,24.279
A,FC_OTH_HH_E,RA600,KTOE,AT,99.636,104.691,136.798,144.797,148.266,169.958,172.505,229.928,287.729,275.27,378.3,377.643
A,FC_OTH_HH_E,RA600,KTOE,BA,,0.0,0.0,0.0,0.0,0.0,0.0,0.0,0.0,0.0,0.0,0.0
A,FC_OTH_HH_E,RA600,KTOE,BE,27.969,33.422,41.617,53.707,63.213,76.388,90.969,105.379,178.96,202.577,236.563,286.66
A,FC_OTH_HH_E,RA600,KTOE,BG,0.0,0.0,0.0,0.0,0.0,0.0,0.0,0.0,0.0,0.0,0.0,0.0
A,FC_OTH_HH_E,RA600,KTOE,CY,1.481,1.552,1.552,1.552,1.55,11.611,12.83,13.061,13.734,12.76,13.018,13.254
A,FC_OTH_HH_E,RA600,KTOE,CZ,65.858,75.595,86.404,100.439,117.527,138.238,162.211,186.999,215.89,309.046,370.138,393.809
A,FC_OTH_HH_E,RA600,KTOE,DE,702.852,775.652,844.511,913.156,988.679,1061.909,1147.941,1254.06,1352.513,1549.513,1335.483,1537.475
A,FC_OTH_HH_E,RA600,KTOE,DK,111.643,117.742,131.932,148.098,152.053,173.397,197.283,227.291,266.486,267.178,308.549,346.598
A,FC_OTH_HH_E,RA600,KTOE,EE,0.0,0.0,0.0,0.0,0.0,0.0,0.0,0.0,0.0,0.0,0.0,95.538
A,FC_OTH_HH_E,RA600,KTOE,EL,0.0,0.0,0.0,0.0,61.563,69.337,72.346,83.405,98.865,105.076,109.742,163.019
A,FC_OTH_HH_E,RA600,KTOE,ES,0.0,74.14,90.314,107.194,126.235,145.146,162.206,178.294,195.373,211.631,233.122,253.222
A,FC_OTH_HH_E,RA600,KTOE,EU27_2020,2854.509,3022.913,3477.542,4000.259,4980.779,5410.877,6025.516,6445.877,8571.105,9353.438,10174.144,11006.382
A,FC_OTH_HH_E,RA600,KTOE,FI,0.0,0.0,0.0,0.0,500.119,513.328,535.707,499.618,631.58,688.64,729.698,719.069
A,FC_OTH_HH_E,RA600,KTOE,FR,1686.039,1447.543,1710.848,2054.456,2182.981,2331.993,2636.288,2711.235,3629.392,3579.472,3983.84,4162.827
A,FC_OTH_HH_E,RA600,KTOE,GE,0.0,0.0,0.0,0.0,0.0,0.0,0.0,0.0,0.0,0.0,0.0,0.0
A,FC_OTH_HH_E,RA600,KTOE,HR,15.004,12.403,14.842,15.707,15.859,15.031,14.417,14.622,15.957,14.121,14.565,15.463
A,FC_OTH_HH_E,RA600,KTOE,HU,0.0,0.0,0.0,0.0,4.825,6.759,9.291,11.775,19.968,29.33,34.991,51.495
A,FC_OTH_HH_E,RA600,KTOE,IE,12.878,14.36,16.845,20.009,20.654,21.554,24.745,28.972,35.356,48.153,63.12,78.278
A,FC_OTH_HH_E,RA600,KTOE,IS,0.0,0.0,0.0,0.0,0.0,0.0,0.0,0.0,0.0,0.0,0.0,0.0
A,FC_OTH_HH_E,RA600,KTOE,IT,0.0,0.0,0.0,0.0,101.719,99.664,96.127,95.314,642.28,773.319,826.099,855.784
A,FC_OTH_HH_E,RA600,KTOE,LT,0.0,0.0,0.0,0.0,0.0,22.26,23.335,27.754,58.374,78.413,101.963,138.769
A,FC_OTH_HH_E,RA600,KTOE,LU,0.725,1.022,1.465,1.93,2.56,3.255,3.854,4.349,4.874,5.41,5.927,6.396
A,FC_OTH_HH_E,RA600,KTOE,LV,0.0,0.0,0.0,0.0,0.0,0.0,0.0,0.0,0.335,0.92,1.435,1.575
A,FC_OTH_HH_E,RA600,KTOE,MD,0.0,0.0,0.0,0.0,0.0,0.0,0.0,0.0,0.0,0.0,0.0,0.0
A,FC_OTH_HH_E,RA600,KTOE,ME,0.0,0.0,0.0,0.0,0.0,0.0,0.0,0.0,0.0,0.0,0.0,0.0
A,FC_OTH_HH_E,RA600,KTOE,MK,0.0,0.0,0.0,0.0,0.0,0.0,0.0,0.0,0.0,0.0,0.0,0.0
A,FC_OTH_HH_E,RA600,KTOE,MT,0.0,0.0,0.0,0.0,5.763,6.341,8.136,9.046,10.781,11.816,12.848,14.176
A,FC_OTH_HH_E,RA600,KTOE,NL,32.675,36.316,40.369,48.557,61.761,79.738,107.965,149.648,195.893,269.45,367.014,435.611
A,FC_OTH_HH_E,RA600,KTOE,NO,366.235,385.631,405.73,426.614,447.066,474.522,501.414,518.781,549.295,590.221,630.257,658.259
A,FC_OTH_HH_E,RA600,KTOE,PL,78.532,97.151,119.039,141.871,167.44,197.034,236.601,277.91,345.824,493.149,587.075,648.038
A,FC_OTH_HH_E,RA600,KTOE,PT,0.0,211.258,213.329,214.588,221.673,230.7,241.847,255.111,267.968,301.959,311.08,238.832
A,FC_OTH_HH_E,RA600,KTOE,RO,0.0,0.0,0.0,0.0,0.0,0.0,0.0,0.0,0.0,0.0,0.0,0.0
A,FC_OTH_HH_E,RA600,KTOE,RS,0.0,0.0,0.0,0.0,0.0,0.0,0.0,0.0,0.0,0.0,0.0,0.0
A,FC_OTH_HH_E,RA600,KTOE,SE,0.0,0.0,0.0,0.0,0.0,0.0,0.0,0.0,0.0,0.0,0.0,0.0
A,FC_OTH_HH_E,RA600,KTOE,SI,19.217,20.066,27.677,34.198,36.339,37.236,40.855,44.987,51.693,54.457,62.558,70.452
A,FC_OTH_HH_E,RA600,KTOE,SK,0.0,0.0,0.0,0.0,0.0,0.0,28.057,37.119,51.28,71.778,87.016,102.399
A,FC_OTH_HH_E,RA600,KTOE,TR,0.0,0.0,0.0,0.0,0.0,0.0,0.0,0.0,0.0,0.0,0.0,0.0
A,FC_OTH_HH_E,RA600,KTOE,UA,0.0,0.0,0.0,0.0,0.0,0.0,0.0,0.0,,,,
A,FC_OTH_HH_E,RA600,KTOE,UK,66.563,82.643,93.795,84.456,87.752,93.198,100.076,,,,,
A,FC_OTH_HH_E,RA600,KTOE,XK,0.0,0.0,0.0,0.0,0.0,0.0,0.0,0.0,0.0,0.0,0.0,0.0
A,FC_OTH_HH_E,TOTAL,KTOE,AL,580.003,556.243,532.287,496.35,492.58,510.484,504.986,538.642,548.63,524.447,513.467,523.736
A,FC_OTH_HH_E,TOTAL,KTOE,AT,6911.132,6239.87,6631.937,6919.098,6955.601,6531.091,6687.86,7033.251,7811.649,7108.457,7270.904,6932.267
A,FC_OTH_HH_E,TOTAL,KTOE,BA,,980.816,1113.03,1139.361,1045.641,1719.424,1686.605,1800.155,1787.67,1840.954,1780.052,1750.849
A,FC_OTH_HH_E,TOTAL,KTOE,BE,9085.395,7442.63,8229.602,8255.911,8131.16,8039.139,7503.961,7581.389,8228.015,7036.456,6947.24,7099.329
A,FC_OTH_HH_E,TOTAL,KTOE,BG,2241.036,2164.991,2192.912,2252.111,2318.715,2229.672,2162.252,2382.245,2403.893,2137.397,2046.582,1961.546
A,FC_OTH_HH_E,TOTAL,KTOE,CY,304.971,292.183,323.916,333.642,342.362,334.957,359.703,363.552,355.143,360.543,336.459,347.807
A,FC_OTH_HH_E,TOTAL,KTOE,CZ,7269.133,6554.173,6769.51,7090.172,7202.965,7042.708,6963.387,7148.052,7864.166,7157.766,6416.158,6229.411
A,FC_OTH_HH_E,TOTAL,KTOE,DE,62517.628,53648.149,54959.824,56963.58,56777.115,55822.36,57743.03,57979.779,57672.167,57434.806,52434.691,52455.834
A,FC_OTH_HH_E,TOTAL,KTOE,DK,4484.143,4143.762,4445.518,4601.363,4498.219,4450.344,4389.392,4273.399,4519.97,3998.544,4096.01,4135.652
A,FC_OTH_HH_E,TOTAL,KTOE,EE,933.506,888.143,857.435,930.578,940.914,941.042,951.351,944.704,965.256,963.88,935.976,978.233
A,FC_OTH_HH_E,TOTAL,KTOE,EL,3821.337,3844.875,4460.625,4337.452,4401.052,3903.48,4099.875,4277.83,4278.524,4325.475,3773.874,3862.774
A,FC_OTH_HH_E,TOTAL,KTOE,ES,14888.925,14787.31,15269.842,14331.695,14392.022,15178.832,14445.322,14555.763,14513.752,14016.209,13671.209,13879.984
A,FC_OTH_HH_E,TOTAL,KTOE,EU27_2020,267762.82,235461.261,246412.024,252786.185,253568.328,251403.582,248877.415,249259.394,262365.267,241805.633,228513.357,228130.777
A,FC_OTH_HH_E,TOTAL,KTOE,FI,5172.734,5126.2,4950.975,5342.235,5761.435,5691.11,5631.035,5284.813,5962.385,5594.322,5465.387,5362.842
A,FC_OTH_HH_E,TOTAL,KTOE,FR,46934.921,38260.942,40692.404,43102.268,42420.967,41029.548,40771.075,39984.582,43310.438,37920.921,36640.154,36623.464
A,FC_OTH_HH_E,TOTAL,KTOE,GE,1159.32,1194.979,1201.348,1266.269,1336.297,1227.303,1300.65,1408.174,1507.717,1575.63,1586.086,1740.68
A,FC_OTH_HH_E,TOTAL,KTOE,HR,2493.453,2228.532,2429.916,2409.158,2392.72,2298.895,2238.586,2277.143,2441.87,2286.359,2224.526,2213.975
A,FC_OTH_HH_E,TOTAL,KTOE,HU,6209.747,5487.452,5969.813,6156.505,6294.138,5818.115,5676.869,5980.487,6374.4,5821.192,5367.117,5327.465
A,FC_OTH_HH_E,TOTAL,KTOE,IE,2920.575,2671.878,2829.165,2918.087,2768.312,2950.805,2868.37,3132.847,2983.656,2615.339,2497.658,2627.755
A,FC_OTH_HH_E,TOTAL,KTOE,IS,399.164,384.692,392.234,423.296,422.526,505.489,454.055,482.238,500.795,443.212,453.257,494.519
A,FC_OTH_HH_E,TOTAL,KTOE,IT,34230.62,29545.98,32494.483,32185.101,32898.639,31905.559,31138.335,30655.992,33244.961,29426.979,26546.617,26782.433
A,FC_OTH_HH_E,TOTAL,KTOE,LT,1467.198,1400.9,1359.131,1433.211,1455.374,1511.606,1447.177,1433.361,1629.694,1558.114,1530.945,1616.951
A,FC_OTH_HH_E,TOTAL,KTOE,LU,498.056,468.025,508.946,525.178,535.579,500.518,463.194,497.737,479.175,454.444,438.685,443.037
A,FC_OTH_HH_E,TOTAL,KTOE,LV,1267.242,1238.471,1105.582,1143.483,1195.604,1231.009,1187.967,1115.366,1202.993,1115.069,1079.133,1099.341
A,FC_OTH_HH_E,TOTAL,KTOE,MD,1147.203,1169.757,1179.946,1233.669,1316.751,1338.83,1236.74,1203.437,1316.674,1072.23,1009.203,1028.916
A,FC_OTH_HH_E,TOTAL,KTOE,ME,269.251,256.273,265.421,264.617,263.151,248.017,243.959,243.169,257.803,248.872,256.235,294.534
A,FC_OTH_HH_E,TOTAL,KTOE,MK,519.019,523.579,531.06,491.613,529.132,483.576,492.266,508.56,527.087,492.381,474.773,476.652
A,FC_OTH_HH_E,TOTAL,KTOE,MT,73.999,73.904,79.865,77.575,91.096,93.033,101.528,105.933,110.244,117.719,116.023,121.621
A,FC_OTH_HH_E,TOTAL,KTOE,NL,11412.549,9116.954,9534.29,9812.913,9584.967,9551.684,9330.173,9110.154,10087.558,8201.73,7673.371,7689.932
A,FC_OTH_HH_E,TOTAL,KTOE,NO,4451.032,4188.006,4352.562,4485.674,4549.023,4573.027,4499.666,4527.554,4774.72,4390.55,4635.938,4664.267
A,FC_OTH_HH_E,TOTAL,KTOE,PL,20492.305,19034.846,19032.461,19886.302,20063.177,22557.493,20993.899,21101.347,22130.789,20492.124,19916.392,19636.596
A,FC_OTH_HH_E,TOTAL,KTOE,PT,2634.808,2776.692,2751.749,2819.484,2801.785,2877.758,2891.348,3014.19,3022.524,2965.934,3019.665,2939.639
A,FC_OTH_HH_E,TOTAL,KTOE,RO,7721.97,7409.681,7375.183,7414.92,7732.038,7775.08,7753.283,8007.426,8764.871,7894.699,7552.174,7434.117
A,FC_OTH_HH_E,TOTAL,KTOE,RS,2846.752,2752.802,2826.152,2924.237,2853.554,2838.427,2854.671,3488.068,3555.492,3426.41,3388.771,3348.074
A,FC_OTH_HH_E,TOTAL,KTOE,SE,7694.262,7229.333,7411.176,7659.147,7696.829,7490.34,7363.914,7182.148,7878.771,7062.293,7050.024,6995.723
A,FC_OTH_HH_E,TOTAL,KTOE,SI,1238.44,1060.348,1172.476,1196.324,1171.381,1101.397,1076.85,1091.333,1162.089,1052.349,1040.915,1033.167
A,FC_OTH_HH_E,TOTAL,KTOE,SK,2842.735,2325.037,2573.288,2688.692,2744.162,2546.007,2637.679,2744.571,2966.314,2686.513,2425.468,2299.882
A,FC_OTH_HH_E,TOTAL,KTOE,TR,19807.984,19166.344,20153.33,20710.961,23456.794,21687.504,23666.094,26034.742,26422.866,26948.909,25697.599,28979.219
A,FC_OTH_HH_E,TOTAL,KTOE,UA,23446.497,20357.427,16551.87,17348.751,16483.165,15986.088,14015.7,13654.325,,,,
A,FC_OTH_HH_E,TOTAL,KTOE,UK,41458.259,35813.099,37257.018,37970.686,36772.29,38307.568,38134.984,,,,,
A,FC_OTH_HH_E,TOTAL,KTOE,XK,494.163,479.943,476.388,549.413,571.465,573.404,586.881,608.818,655.497,554.853,530.47,477.211
